<?xml version="1.0"?>
<SerializableException xmlns:xsi="http://www.w3.org/2001/XMLSchema-instance" xmlns:xsd="http://www.w3.org/2001/XMLSchema">
  <ExtendedInformation>
    <HResult>-2146233079</HResult>
  </ExtendedInformation>
  <Message>Pencere işleyicisi oluşturuluncaya kadar denetim üzerinde Invoke veya BeginInvoke çağrılamaz.</Message>
  <Source>System.Windows.Forms</Source>
  <StackTrace>   konum: System.Windows.Forms.Control.MarshaledInvoke(Control caller, Delegate method, Object[] args, Boolean synchronous)
   konum: System.Windows.Forms.Control.Invoke(Delegate method, Object[] args)
   konum: PhotoSync.BonjourScanner.checkForAlbumsInThread(Object dummy)
   konum: System.Threading.QueueUserWorkItemCallback.WaitCallback_Context(Object state)
   konum: System.Threading.ExecutionContext.RunInternal(ExecutionContext executionContext, ContextCallback callback, Object state, Boolean preserveSyncCtx)
   konum: System.Threading.ExecutionContext.Run(ExecutionContext executionContext, ContextCallback callback, Object state, Boolean preserveSyncCtx)
   konum: System.Threading.QueueUserWorkItemCallback.System.Threading.IThreadPoolWorkItem.ExecuteWorkItem()
   konum: System.Threading.ThreadPoolWorkQueue.Dispatch()
   konum: System.Threading._ThreadPoolWaitCallback.PerformWaitCallback()</StackTrace>
  <TargetSite>System.Object MarshaledInvoke(System.Windows.Forms.Control, System.Delegate, System.Object[], Boolean) @ System.Windows.Forms.Control</TargetSite>
  <Type>System.InvalidOperationException</Type>
</SerializableException>