<?xml version="1.0"?>
<SerializableException xmlns:xsi="http://www.w3.org/2001/XMLSchema-instance" xmlns:xsd="http://www.w3.org/2001/XMLSchema">
  <ExtendedInformation>
    <HResult>-2147024809</HResult>
  </ExtendedInformation>
  <Message>An item with the same key has already been added.</Message>
  <Source>mscorlib</Source>
  <StackTrace>   at System.ThrowHelper.ThrowArgumentException(ExceptionResource resource)
   at System.Collections.Generic.Dictionary`2.Insert(TKey key, TValue value, Boolean add)
   at PhotoSync.BonjourScanner.&lt;&gt;c__DisplayClass44_0.&lt;gridView_SelectionChanged&gt;b__1(Object sn, RunWorkerCompletedEventArgs args)
   at System.ComponentModel.BackgroundWorker.OnRunWorkerCompleted(RunWorkerCompletedEventArgs e)
   at System.ComponentModel.BackgroundWorker.AsyncOperationCompleted(Object arg)</StackTrace>
  <TargetSite>Void ThrowArgumentException(System.ExceptionResource) @ System.ThrowHelper</TargetSite>
  <Type>System.ArgumentException</Type>
</SerializableException>