<?xml version="1.0"?>
<Report xmlns:xsi="http://www.w3.org/2001/XMLSchema-instance" xmlns:xsd="http://www.w3.org/2001/XMLSchema">
  <GeneralInfo>
    <CLRVersion>4.0.30319.42000</CLRVersion>
    <DateTime>14/01/2019 10:02:43 AM</DateTime>
    <ExceptionMessage>An item with the same key has already been added.</ExceptionMessage>
    <ExceptionType>System.ArgumentException</ExceptionType>
    <HostApplication>PhotoSync.exe</HostApplication>
    <HostApplicationVersion>3.3.5.0</HostApplicationVersion>
    <NBugVersion>1.2.1.0</NBugVersion>
    <TargetSite>Void ThrowArgumentException(System.ExceptionResource) @ System.ThrowHelper</TargetSite>
  </GeneralInfo>
</Report>