<?xml version="1.0"?>
<Report xmlns:xsi="http://www.w3.org/2001/XMLSchema-instance" xmlns:xsd="http://www.w3.org/2001/XMLSchema">
  <GeneralInfo>
    <CLRVersion>4.0.30319.42000</CLRVersion>
    <DateTime>14.01.2019 03:36:12</DateTime>
    <ExceptionMessage>Die Datei "C:\Users\richie\Pictures\PhotoSync" konnte nicht gefunden werden.</ExceptionMessage>
    <ExceptionType>System.IO.FileNotFoundException</ExceptionType>
    <HostApplication>photosync.exe</HostApplication>
    <HostApplicationVersion>3.3.5.0</HostApplicationVersion>
    <NBugVersion>1.2.1.0</NBugVersion>
    <TargetSite>Void WinIOError(Int32, System.String) @ System.IO.__Error</TargetSite>
  </GeneralInfo>
</Report>