<?xml version="1.0"?>
<SerializableException xmlns:xsi="http://www.w3.org/2001/XMLSchema-instance" xmlns:xsd="http://www.w3.org/2001/XMLSchema">
  <ExtendedInformation>
    <HResult>-2146233079</HResult>
  </ExtendedInformation>
  <Message>Invoke oder BeginInvoke kann für ein Steuerelement erst aufgerufen werden, wenn das Fensterhandle erstellt wurde.</Message>
  <Source>System.Windows.Forms</Source>
  <StackTrace>   bei System.Windows.Forms.Control.MarshaledInvoke(Control caller, Delegate method, Object[] args, Boolean synchronous)
   bei System.Windows.Forms.Control.Invoke(Delegate method, Object[] args)
   bei PhotoSync.PhotoSync.NetworkCategoryChangeDetector_NetworkCategoryChanged(Object sender, EventArgs e)
   bei PhotoSync.NetworkCategoryChangeDetector.OnNetworkCategoryChanged(EventArgs e)
   bei PhotoSync.NetworkCategoryChangeDetector.&lt;&gt;c__DisplayClass11_0.&lt;checkNetworkType&gt;b__0()
   bei System.Threading.ThreadHelper.ThreadStart_Context(Object state)
   bei System.Threading.ExecutionContext.RunInternal(ExecutionContext executionContext, ContextCallback callback, Object state, Boolean preserveSyncCtx)
   bei System.Threading.ExecutionContext.Run(ExecutionContext executionContext, ContextCallback callback, Object state, Boolean preserveSyncCtx)
   bei System.Threading.ExecutionContext.Run(ExecutionContext executionContext, ContextCallback callback, Object state)
   bei System.Threading.ThreadHelper.ThreadStart()</StackTrace>
  <TargetSite>System.Object MarshaledInvoke(System.Windows.Forms.Control, System.Delegate, System.Object[], Boolean) @ System.Windows.Forms.Control</TargetSite>
  <Type>System.InvalidOperationException</Type>
</SerializableException>