<?xml version="1.0"?>
<SerializableException xmlns:xsi="http://www.w3.org/2001/XMLSchema-instance" xmlns:xsd="http://www.w3.org/2001/XMLSchema">
  <ExtendedInformation>
    <HResult>-2147024809</HResult>
  </ExtendedInformation>
  <Message>매개 변수가 잘못되었습니다.</Message>
  <Source>System.Drawing</Source>
  <StackTrace>   위치: System.Drawing.Image.get_Width()
   위치: System.Drawing.Image.get_Size()
   위치: System.Windows.Forms.PictureBox.ImageRectangleFromSizeMode(PictureBoxSizeMode mode)
   위치: System.Windows.Forms.PictureBox.OnPaint(PaintEventArgs pe)
   위치: System.Windows.Forms.Control.PaintWithErrorHandling(PaintEventArgs e, Int16 layer)
   위치: System.Windows.Forms.Control.WmPaint(Message&amp; m)
   위치: System.Windows.Forms.Control.WndProc(Message&amp; m)
   위치: System.Windows.Forms.Control.ControlNativeWindow.OnMessage(Message&amp; m)
   위치: System.Windows.Forms.Control.ControlNativeWindow.WndProc(Message&amp; m)
   위치: System.Windows.Forms.NativeWindow.Callback(IntPtr hWnd, Int32 msg, IntPtr wparam, IntPtr lparam)</StackTrace>
  <TargetSite>Int32 get_Width() @ System.Drawing.Image</TargetSite>
  <Type>System.ArgumentException</Type>
</SerializableException>