<?xml version="1.0"?>
<SerializableException xmlns:xsi="http://www.w3.org/2001/XMLSchema-instance" xmlns:xsd="http://www.w3.org/2001/XMLSchema">
  <ExtendedInformation>
    <HResult>-2147024809</HResult>
  </ExtendedInformation>
  <Message>Ungültiger Parameter.</Message>
  <Source>System.Drawing</Source>
  <StackTrace>   bei System.Drawing.Image.SelectActiveFrame(FrameDimension dimension, Int32 frameIndex)
   bei System.Drawing.ImageAnimator.ImageInfo.UpdateFrame()
   bei System.Drawing.ImageAnimator.UpdateFrames(Image image)
   bei System.Windows.Forms.PictureBox.OnPaint(PaintEventArgs pe)
   bei System.Windows.Forms.Control.PaintWithErrorHandling(PaintEventArgs e, Int16 layer)
   bei System.Windows.Forms.Control.WmPaint(Message&amp; m)
   bei System.Windows.Forms.Control.WndProc(Message&amp; m)
   bei System.Windows.Forms.Control.ControlNativeWindow.OnMessage(Message&amp; m)
   bei System.Windows.Forms.Control.ControlNativeWindow.WndProc(Message&amp; m)
   bei System.Windows.Forms.NativeWindow.Callback(IntPtr hWnd, Int32 msg, IntPtr wparam, IntPtr lparam)</StackTrace>
  <TargetSite>Int32 SelectActiveFrame(System.Drawing.Imaging.FrameDimension, Int32) @ System.Drawing.Image</TargetSite>
  <Type>System.ArgumentException</Type>
</SerializableException>