<?xml version="1.0"?>
<SerializableException xmlns:xsi="http://www.w3.org/2001/XMLSchema-instance" xmlns:xsd="http://www.w3.org/2001/XMLSchema">
  <ExtendedInformation>
    <HResult>-2147467261</HResult>
  </ExtendedInformation>
  <Message>Referência de objeto não definida para uma instância de um objeto.</Message>
  <Source>PhotoSync</Source>
  <StackTrace>   em PhotoSync.TransferWindow.uploadFileToDevice(String filepath)
   em PhotoSync.TransferWindow.didCompleteDataUpload(Exception completed)</StackTrace>
  <TargetSite>Void uploadFileToDevice(System.String) @ PhotoSync.TransferWindow</TargetSite>
  <Type>System.NullReferenceException</Type>
</SerializableException>