<?xml version="1.0"?>
<Report xmlns:xsi="http://www.w3.org/2001/XMLSchema-instance" xmlns:xsd="http://www.w3.org/2001/XMLSchema">
  <GeneralInfo>
    <CLRVersion>4.0.30319.42000</CLRVersion>
    <DateTime>25/12/2018 12:03:35</DateTime>
    <ExceptionMessage>Referência de objeto não definida para uma instância de um objeto.</ExceptionMessage>
    <ExceptionType>System.NullReferenceException</ExceptionType>
    <HostApplication>PhotoSync.exe</HostApplication>
    <HostApplicationVersion>3.3.5.0</HostApplicationVersion>
    <NBugVersion>1.2.1.0</NBugVersion>
    <TargetSite>Void uploadFileToDevice(System.String) @ PhotoSync.TransferWindow</TargetSite>
  </GeneralInfo>
</Report>