<?xml version="1.0"?>
<SerializableException xmlns:xsi="http://www.w3.org/2001/XMLSchema-instance" xmlns:xsd="http://www.w3.org/2001/XMLSchema">
  <ExtendedInformation>
    <ObjectName>ProgressBar</ObjectName>
    <HResult>-2146232798</HResult>
  </ExtendedInformation>
  <Message>破棄されたオブジェクトにアクセスできません。
オブジェクト名 'ProgressBar' です。</Message>
  <Source>System.Windows.Forms</Source>
  <StackTrace>   場所 System.Windows.Forms.Control.CreateHandle()
   場所 System.Windows.Forms.ProgressBar.CreateHandle()
   場所 System.Windows.Forms.Control.get_Handle()
   場所 System.Windows.Forms.Control.SendMessage(Int32 msg, Int32 wparam, Int32 lparam)
   場所 System.Windows.Forms.ProgressBar.OnHandleCreated(EventArgs e)
   場所 System.Windows.Forms.Control.WmCreate(Message&amp; m)
   場所 System.Windows.Forms.Control.WndProc(Message&amp; m)
   場所 System.Windows.Forms.Control.ControlNativeWindow.OnMessage(Message&amp; m)
   場所 System.Windows.Forms.Control.ControlNativeWindow.WndProc(Message&amp; m)
   場所 System.Windows.Forms.NativeWindow.Callback(IntPtr hWnd, Int32 msg, IntPtr wparam, IntPtr lparam)</StackTrace>
  <TargetSite>Void CreateHandle() @ System.Windows.Forms.Control</TargetSite>
  <Type>System.ObjectDisposedException</Type>
</SerializableException>