<?xml version="1.0"?>
<Report xmlns:xsi="http://www.w3.org/2001/XMLSchema-instance" xmlns:xsd="http://www.w3.org/2001/XMLSchema">
  <GeneralInfo>
    <CLRVersion>4.0.30319.42000</CLRVersion>
    <DateTime>2019/01/14 6:32:35</DateTime>
    <ExceptionMessage>破棄されたオブジェクトにアクセスできません。
オブジェクト名 'ProgressBar' です。</ExceptionMessage>
    <ExceptionType>System.ObjectDisposedException</ExceptionType>
    <HostApplication>PhotoSync.exe</HostApplication>
    <HostApplicationVersion>3.3.5.0</HostApplicationVersion>
    <NBugVersion>1.2.1.0</NBugVersion>
    <TargetSite>Void CreateHandle() @ System.Windows.Forms.Control</TargetSite>
  </GeneralInfo>
</Report>