<?xml version="1.0"?>
<SerializableException xmlns:xsi="http://www.w3.org/2001/XMLSchema-instance" xmlns:xsd="http://www.w3.org/2001/XMLSchema">
  <ExtendedInformation>
    <ErrorCode>-2147418110</ErrorCode>
    <HResult>-2147418110</HResult>
  </ExtendedInformation>
  <Message>Call was canceled by the message filter. (Exception from HRESULT: 0x80010002 (RPC_E_CALL_CANCELED))</Message>
  <Source>Interop.NETWORKLIST</Source>
  <StackTrace>   at NETWORKLIST.NetworkListManagerClass.GetNetworks(NLM_ENUM_NETWORK Flags)
   at PhotoSync.NetworkCategoryChangeDetector.checkNetworkType()
   at PhotoSync.NetworkCategoryChangeDetector.DoWork()
   at System.Threading.ThreadHelper.ThreadStart_Context(Object state)
   at System.Threading.ExecutionContext.RunInternal(ExecutionContext executionContext, ContextCallback callback, Object state, Boolean preserveSyncCtx)
   at System.Threading.ExecutionContext.Run(ExecutionContext executionContext, ContextCallback callback, Object state, Boolean preserveSyncCtx)
   at System.Threading.ExecutionContext.Run(ExecutionContext executionContext, ContextCallback callback, Object state)
   at System.Threading.ThreadHelper.ThreadStart()</StackTrace>
  <TargetSite>NETWORKLIST.IEnumNetworks GetNetworks(NETWORKLIST.NLM_ENUM_NETWORK) @ NETWORKLIST.NetworkListManagerClass</TargetSite>
  <Type>System.Runtime.InteropServices.COMException</Type>
</SerializableException>