<?xml version="1.0"?>
<Report xmlns:xsi="http://www.w3.org/2001/XMLSchema-instance" xmlns:xsd="http://www.w3.org/2001/XMLSchema">
  <GeneralInfo>
    <CLRVersion>4.0.30319.42000</CLRVersion>
    <DateTime>1/12/2019 2:53:43 AM</DateTime>
    <ExceptionMessage>Call was canceled by the message filter. (Exception from HRESULT: 0x80010002 (RPC_E_CALL_CANCELED))</ExceptionMessage>
    <ExceptionType>System.Runtime.InteropServices.COMException</ExceptionType>
    <HostApplication>PhotoSync.exe</HostApplication>
    <HostApplicationVersion>3.3.5.0</HostApplicationVersion>
    <NBugVersion>1.2.1.0</NBugVersion>
    <TargetSite>NETWORKLIST.IEnumNetworks GetNetworks(NETWORKLIST.NLM_ENUM_NETWORK) @ NETWORKLIST.NetworkListManagerClass</TargetSite>
  </GeneralInfo>
</Report>