<?xml version="1.0"?>
<SerializableException xmlns:xsi="http://www.w3.org/2001/XMLSchema-instance" xmlns:xsd="http://www.w3.org/2001/XMLSchema">
  <ExtendedInformation>
    <ErrorCode>-2147023838</ErrorCode>
    <HResult>-2147023838</HResult>
  </ExtendedInformation>
  <Message>Nie można uruchomić określonej usługi, ponieważ jest ona wyłączona lub ponieważ nie są włączone skojarzone z nią urządzenia. (Wyjątek od HRESULT: 0x80070422)</Message>
  <Source>Interop.NETWORKLIST</Source>
  <StackTrace>   w NETWORKLIST.NetworkListManagerClass.GetNetworks(NLM_ENUM_NETWORK Flags)
   w PhotoSync.NetworkCategoryChangeDetector.checkNetworkType()
   w PhotoSync.NetworkCategoryChangeDetector.DoWork()
   w System.Threading.ThreadHelper.ThreadStart_Context(Object state)
   w System.Threading.ExecutionContext.RunInternal(ExecutionContext executionContext, ContextCallback callback, Object state, Boolean preserveSyncCtx)
   w System.Threading.ExecutionContext.Run(ExecutionContext executionContext, ContextCallback callback, Object state, Boolean preserveSyncCtx)
   w System.Threading.ExecutionContext.Run(ExecutionContext executionContext, ContextCallback callback, Object state)
   w System.Threading.ThreadHelper.ThreadStart()</StackTrace>
  <TargetSite>NETWORKLIST.IEnumNetworks GetNetworks(NETWORKLIST.NLM_ENUM_NETWORK) @ NETWORKLIST.NetworkListManagerClass</TargetSite>
  <Type>System.Runtime.InteropServices.COMException</Type>
</SerializableException>