<?xml version="1.0"?>
<Report xmlns:xsi="http://www.w3.org/2001/XMLSchema-instance" xmlns:xsd="http://www.w3.org/2001/XMLSchema">
  <GeneralInfo>
    <CLRVersion>4.0.30319.42000</CLRVersion>
    <DateTime>14.01.2019 07:36:50</DateTime>
    <ExceptionMessage>Nie można uruchomić określonej usługi, ponieważ jest ona wyłączona lub ponieważ nie są włączone skojarzone z nią urządzenia. (Wyjątek od HRESULT: 0x80070422)</ExceptionMessage>
    <ExceptionType>System.Runtime.InteropServices.COMException</ExceptionType>
    <HostApplication>PhotoSync.exe</HostApplication>
    <HostApplicationVersion>3.3.5.0</HostApplicationVersion>
    <NBugVersion>1.2.1.0</NBugVersion>
    <TargetSite>NETWORKLIST.IEnumNetworks GetNetworks(NETWORKLIST.NLM_ENUM_NETWORK) @ NETWORKLIST.NetworkListManagerClass</TargetSite>
  </GeneralInfo>
</Report>