<?xml version="1.0"?>
<SerializableException xmlns:xsi="http://www.w3.org/2001/XMLSchema-instance" xmlns:xsd="http://www.w3.org/2001/XMLSchema">
  <ExtendedInformation>
    <FileName>C:\Users\richie\Pictures\PhotoSync</FileName>
    <HResult>-2147024894</HResult>
  </ExtendedInformation>
  <Message>Die Datei "C:\Users\richie\Pictures\PhotoSync" konnte nicht gefunden werden.</Message>
  <Source>mscorlib</Source>
  <StackTrace>   bei System.IO.__Error.WinIOError(Int32 errorCode, String maybeFullPath)
   bei System.IO.Directory.InternalCreateDirectory(String fullPath, String path, Object dirSecurityObj, Boolean checkHost)
   bei System.IO.Directory.InternalCreateDirectoryHelper(String path, Boolean checkHost)
   bei System.IO.Directory.CreateDirectory(String path)
   bei PhotoSync.PhotoSync.initDefaultValues()
   bei PhotoSync.PhotoSync.PhotoSync_Load(Object sender, EventArgs e)
   bei System.Windows.Forms.Form.OnLoad(EventArgs e)
   bei System.Windows.Forms.Form.OnCreateControl()
   bei System.Windows.Forms.Control.CreateControl(Boolean fIgnoreVisible)
   bei System.Windows.Forms.Control.CreateControl()
   bei System.Windows.Forms.Control.WmShowWindow(Message&amp; m)
   bei System.Windows.Forms.Control.WndProc(Message&amp; m)
   bei System.Windows.Forms.ScrollableControl.WndProc(Message&amp; m)
   bei System.Windows.Forms.Form.WmShowWindow(Message&amp; m)
   bei System.Windows.Forms.Form.WndProc(Message&amp; m)
   bei PhotoSync.PhotoSync.WndProc(Message&amp; m)
   bei System.Windows.Forms.Control.ControlNativeWindow.OnMessage(Message&amp; m)
   bei System.Windows.Forms.Control.ControlNativeWindow.WndProc(Message&amp; m)
   bei System.Windows.Forms.NativeWindow.Callback(IntPtr hWnd, Int32 msg, IntPtr wparam, IntPtr lparam)</StackTrace>
  <TargetSite>Void WinIOError(Int32, System.String) @ System.IO.__Error</TargetSite>
  <Type>System.IO.FileNotFoundException</Type>
</SerializableException>