<?xml version="1.0"?>
<SerializableException xmlns:xsi="http://www.w3.org/2001/XMLSchema-instance" xmlns:xsd="http://www.w3.org/2001/XMLSchema">
  <ExtendedInformation>
    <FileName>C:\Users\Leica\Pictures\PhotoSync</FileName>
    <HResult>-2147024894</HResult>
  </ExtendedInformation>
  <Message>Não foi possível localizar o arquivo 'C:\Users\Leica\Pictures\PhotoSync'.</Message>
  <Source>mscorlib</Source>
  <StackTrace>   em System.IO.__Error.WinIOError(Int32 errorCode, String maybeFullPath)
   em System.IO.Directory.InternalCreateDirectory(String fullPath, String path, Object dirSecurityObj, Boolean checkHost)
   em System.IO.Directory.InternalCreateDirectoryHelper(String path, Boolean checkHost)
   em System.IO.Directory.CreateDirectory(String path)
   em PhotoSync.PhotoSync.initDefaultValues()
   em PhotoSync.PhotoSync.PhotoSync_Load(Object sender, EventArgs e)
   em System.Windows.Forms.Form.OnLoad(EventArgs e)
   em System.Windows.Forms.Form.OnCreateControl()
   em System.Windows.Forms.Control.CreateControl(Boolean fIgnoreVisible)
   em System.Windows.Forms.Control.CreateControl()
   em System.Windows.Forms.Control.WmShowWindow(Message&amp; m)
   em System.Windows.Forms.Control.WndProc(Message&amp; m)
   em System.Windows.Forms.ScrollableControl.WndProc(Message&amp; m)
   em System.Windows.Forms.ContainerControl.WndProc(Message&amp; m)
   em System.Windows.Forms.Form.WmShowWindow(Message&amp; m)
   em System.Windows.Forms.Form.WndProc(Message&amp; m)
   em PhotoSync.PhotoSync.WndProc(Message&amp; m)
   em System.Windows.Forms.Control.ControlNativeWindow.OnMessage(Message&amp; m)
   em System.Windows.Forms.Control.ControlNativeWindow.WndProc(Message&amp; m)
   em System.Windows.Forms.NativeWindow.Callback(IntPtr hWnd, Int32 msg, IntPtr wparam, IntPtr lparam)</StackTrace>
  <TargetSite>Void WinIOError(Int32, System.String) @ System.IO.__Error</TargetSite>
  <Type>System.IO.FileNotFoundException</Type>
</SerializableException>