<?xml version="1.0"?>
<SerializableException xmlns:xsi="http://www.w3.org/2001/XMLSchema-instance" xmlns:xsd="http://www.w3.org/2001/XMLSchema">
  <ExtendedInformation>
    <ParamName>index</ParamName>
    <HResult>-2146233086</HResult>
  </ExtendedInformation>
  <Message>Der Index lag außerhalb des Bereichs. Er darf nicht negativ und kleiner als die Sammlung sein.
Parametername: index</Message>
  <Source>mscorlib</Source>
  <StackTrace>   bei System.Collections.ArrayList.get_Item(Int32 index)
   bei System.Windows.Forms.DataGridViewRowCollection.SharedRow(Int32 rowIndex)
   bei System.Windows.Forms.DataGridViewRowCollection.get_Item(Int32 index)
   bei PhotoSync.BonjourScanner.gridView_CellDoubleClick(Object sender, DataGridViewCellEventArgs e)
   bei System.Windows.Forms.DataGridView.OnCellDoubleClick(DataGridViewCellEventArgs e)
   bei System.Windows.Forms.DataGridView.OnDoubleClick(EventArgs e)
   bei System.Windows.Forms.Control.WmMouseUp(Message&amp; m, MouseButtons button, Int32 clicks)
   bei System.Windows.Forms.Control.WndProc(Message&amp; m)
   bei System.Windows.Forms.DataGridView.WndProc(Message&amp; m)
   bei System.Windows.Forms.Control.ControlNativeWindow.OnMessage(Message&amp; m)
   bei System.Windows.Forms.Control.ControlNativeWindow.WndProc(Message&amp; m)
   bei System.Windows.Forms.NativeWindow.Callback(IntPtr hWnd, Int32 msg, IntPtr wparam, IntPtr lparam)</StackTrace>
  <TargetSite>System.Object get_Item(Int32) @ System.Collections.ArrayList</TargetSite>
  <Type>System.ArgumentOutOfRangeException</Type>
</SerializableException>