<?xml version="1.0"?>
<Report xmlns:xsi="http://www.w3.org/2001/XMLSchema-instance" xmlns:xsd="http://www.w3.org/2001/XMLSchema">
  <GeneralInfo>
    <CLRVersion>4.0.30319.42000</CLRVersion>
    <DateTime>14.01.2019 15:28:44</DateTime>
    <ExceptionMessage>Der Index lag außerhalb des Bereichs. Er darf nicht negativ und kleiner als die Sammlung sein.
Parametername: index</ExceptionMessage>
    <ExceptionType>System.ArgumentOutOfRangeException</ExceptionType>
    <HostApplication>photosync.exe</HostApplication>
    <HostApplicationVersion>3.3.5.0</HostApplicationVersion>
    <NBugVersion>1.2.1.0</NBugVersion>
    <TargetSite>System.Object get_Item(Int32) @ System.Collections.ArrayList</TargetSite>
  </GeneralInfo>
</Report>