<?xml version="1.0"?>
<Report xmlns:xsi="http://www.w3.org/2001/XMLSchema-instance" xmlns:xsd="http://www.w3.org/2001/XMLSchema">
  <GeneralInfo>
    <CLRVersion>4.0.30319.42000</CLRVersion>
    <DateTime>2019-01-14 10:41:17</DateTime>
    <ExceptionMessage>매개 변수가 잘못되었습니다.</ExceptionMessage>
    <ExceptionType>System.ArgumentException</ExceptionType>
    <HostApplication>PhotoSync.exe</HostApplication>
    <HostApplicationVersion>3.3.5.0</HostApplicationVersion>
    <NBugVersion>1.2.1.0</NBugVersion>
    <TargetSite>Int32 SelectActiveFrame(System.Drawing.Imaging.FrameDimension, Int32) @ System.Drawing.Image</TargetSite>
  </GeneralInfo>
</Report>