<?xml version="1.0"?>
<Report xmlns:xsi="http://www.w3.org/2001/XMLSchema-instance" xmlns:xsd="http://www.w3.org/2001/XMLSchema">
  <GeneralInfo>
    <CLRVersion>4.0.30319.42000</CLRVersion>
    <DateTime>14.01.2019 15:56:54</DateTime>
    <ExceptionMessage>Pencere işleyicisi oluşturuluncaya kadar denetim üzerinde Invoke veya BeginInvoke çağrılamaz.</ExceptionMessage>
    <ExceptionType>System.InvalidOperationException</ExceptionType>
    <HostApplication>PhotoSync.exe</HostApplication>
    <HostApplicationVersion>3.3.5.0</HostApplicationVersion>
    <NBugVersion>1.2.1.0</NBugVersion>
    <TargetSite>System.Object MarshaledInvoke(System.Windows.Forms.Control, System.Delegate, System.Object[], Boolean) @ System.Windows.Forms.Control</TargetSite>
  </GeneralInfo>
</Report>